Workbook

Sheet Student Details
A1: Student ID | B1: Student Name | C1: Course | D1: Marks Obtained | E1: Total Marks | F1: Percentage | G1: Grade | H1: Result | I1: Attendance %
A2: 201 | B2: Amit Kumar | C2: MS Excel | D2: 450 | E2: 500 | F2: =D2/E2*100 | G2: =IF(F2>=90,"A",IF(F2>=75,"B",IF(F2>=60,"C","D"))) | H2: =IF(F2>=40,"Pass","Fail") | I2: 92
A3: 202 | B3: Neha Sharma | C3: MS Word | D3: 420 | E3: 500 | F3: =D3/E3*100 | G3: =IF(F3>=90,"A",IF(F3>=75,"B",IF(F3>=60,"C","D"))) | H3: =IF(F3>=40,"Pass","Fail") | I3: 88
A4: 203 | B4: Rohit Reddy | C4: PowerPoint | D4: 390 | E4: 500 | F4: =D4/E4*100 | G4: =IF(F4>=90,"A",IF(F4>=75,"B",IF(F4>=60,"C","D"))) | H4: =IF(F4>=40,"Pass","Fail") | I4: 75
A5: 204 | B5: Sneha Patel | C5: Tally ERP | D5: 470 | E5: 500 | F5: =D5/E5*100 | G5: =IF(F5>=90,"A",IF(F5>=75,"B",IF(F5>=60,"C","D"))) | H5: =IF(F5>=40,"Pass","Fail") | I5: 95
A6: 205 | B6: Kiran Rao | C6: Python Basics | D6: 410 | E6: 500 | F6: =D6/E6*100 | G6: =IF(F6>=90,"A",IF(F6>=75,"B",IF(F6>=60,"C","D"))) | H6: =IF(F6>=40,"Pass","Fail") | I6: 82
A7: 206 | B7: Priya Singh | C7: Digital Marketing | D7: 380 | E7: 500 | F7: =D7/E7*100 | G7: =IF(F7>=90,"A",IF(F7>=75,"B",IF(F7>=60,"C","D"))) | H7: =IF(F7>=40,"Pass","Fail") | I7: 70
A8: 207 | B8: Rahul Das | C8: MS Excel | D8: 460 | E8: 500 | F8: =D8/E8*100 | G8: =IF(F8>=90,"A",IF(F8>=75,"B",IF(F8>=60,"C","D"))) | H8: =IF(F8>=40,"Pass","Fail") | I8: 90

Sheet Summary
A1: Student Project Summary
A3: Total Students: | B3: =COUNTA('Student Details'!A2:A100)
A4: Average Percentage: | B4: =AVERAGE('Student Details'!F2:F100)
A5: Highest Percentage: | B5: =MAX('Student Details'!F2:F100)
A6: Lowest Percentage: | B6: =MIN('Student Details'!F2:F100)
A7: Pass Count: | B7: =COUNTIF('Student Details'!H2:H100,"Pass")
A8: Fail Count: | B8: =COUNTIF('Student Details'!H2:H100,"Fail")
